Category,Subcategory,Item / Project,Status / Details,Next Action,Due Date,Impact / Risk / Notes
ğŸ¯ Strategic Context,Overview,Position,You're in a strong position this week. Assistant Team Setup nearly complete for operational advantage.,,,
ğŸ¯ Strategic Context,Todayâ€™s Focus,Tasks,"Finalize testing & deploy Discord automation (both achievable, sets up productive Monday).",,,
ğŸ¯ Strategic Context,Blocker,API Integration,Needs attention but not derailing momentum. Project velocity up 15% from last week.,,,
ğŸ“Š Project Portfolio Metrics,Metrics,Active Projects,6 total,,,
ğŸ“Š Project Portfolio Metrics,Metrics,Project Velocity,2.3 projects/week (â†‘ 15% from last week),,,
ğŸ“Š Project Portfolio Metrics,Metrics,On-time Delivery,85% (target 90%),,,
ğŸ‘©â€ğŸ¨ Active Projects,Assistant Team Setup,Progress,85% Complete,Finalize iOS Notes integration,Aug 15,High impact â€“ showcases AI capabilities to stakeholders
ğŸ‘©â€ğŸ¨ Active Projects,Discord Integration,Progress,90% Complete,Deploy & test scheduled triggers,Aug 10,Medium impact â€“ operational efficiency gains
ğŸ‘©â€ğŸ¨ Active Projects,Project Documentation,Progress,75% Complete,Finalize README & deployment guides,Aug 20,Stakeholder: Dev team expects completion
â¸ï¸ Blocked / Waiting Projects,API Integration,Progress,20% Complete,Follow-up call (2 PM today),Sep 1,Risk: Could delay 2 downstream projects
âœ… Completed This Week,Vivian Configuration,Completion,Aug 7,Successfully configured PR specialist role,,Impact: Enhanced work briefing capabilities
âœ… Completed This Week,System Architecture Review,Completion,Aug 6,Optimized assistant team structure,,Impact: Improved coordination between assistants
ğŸ’¬ Communications Priorities,Immediate Actions,API Vendor,Follow up (2 PM call scheduled),,,
ğŸ’¬ Communications Priorities,Immediate Actions,Dev Team,Update on documentation timeline,,,
ğŸ’¬ Communications Priorities,Immediate Actions,Stakeholders,Prepare assistant capabilities demo,,,
ğŸ’¬ Communications Priorities,Planned Check-ins,Monday,Dev team standup (documentation status),,,
ğŸ’¬ Communications Priorities,Planned Check-ins,Tuesday,Stakeholder update on AI assistant ROI metrics,,,
ğŸ’¬ Communications Priorities,Planned Check-ins,Wednesday,API vendor progress review (if unblocked),,,
ğŸ’¬ Communications Priorities,Planned Check-ins,Friday,Weekly project velocity review with team leads,,,
ğŸš€ Resource Allocation Plan,Today,Allocation,"60% tactical execution, 40% strategic communications",,,
ğŸš€ Resource Allocation Plan,This Week,Allocation,"70% development completion, 30% stakeholder management",,,
ğŸš€ Resource Allocation Plan,Focus Recommendation,Deep Work,4 hours available today for testing,,,
ğŸ’¡ Strategic Insights,Opportunity,AI Assistant Infrastructure,Becoming a differentiator â€“ position as competitive advantage in next weekâ€™s stakeholder presentation,,,
ğŸ“‹ Daily Updates,"Aug 8, 2025",Morning Priorities,"Work briefing system setup, Discord command testing",,,
ğŸ“‹ Daily Updates,"Aug 8, 2025",Key Accomplishments,"Enhanced Vivian capabilities, iOS Notes integration plan",,,
ğŸ“‹ Daily Updates,"Aug 8, 2025",Blockers,None,,,
ğŸ“‹ Daily Updates,"Aug 8, 2025",Tomorrowâ€™s Focus,"Test automation, refine briefing content",,,
